INSERT INTO public.category (id, version, label, description, created_at, updated_at, active)
VALUES
    ('b5b8e8c1-2dbd-4c2b-8e18-1a6e6d8b97f1', 0, 'Tableware', 'Porcelain items used for setting a table for dining, including plates, bowls, and cups.', '2024-07-03T00:00:00Z', '2024-07-03T00:00:00Z', true),
    ('c3b1a76d-36d7-4a0e-8f30-5eae61a4c6b0', 0, 'Decorative', 'Porcelain items that serve decorative purposes, such as vases, figurines, and wall art.', '2024-07-03T00:00:00Z', '2024-07-03T00:00:00Z', true),
    ('d1c3e4b2-4942-4b9c-b5d6-8729df9dca38', 0, 'Tea Sets', 'Complete sets of porcelain items used for serving tea, including teapots, cups, and saucers.', '2024-07-03T00:00:00Z', '2024-07-03T00:00:00Z', true),
    ('e6d4f5a7-5a8b-4c1b-bc5a-1e3e3f7a1b2d', 0, 'Bathroom Accessories', 'Porcelain accessories designed for bathroom use, such as soap dishes, toothbrush holders, and lotion dispensers.', '2024-07-03T00:00:00Z', '2024-07-03T00:00:00Z', true),
    ('f2b9c5d1-8d4f-4b1c-8d6f-3e4a5f8b6a1e', 0, 'Kitchenware', 'Porcelain items used in the kitchen for food preparation and storage, including mixing bowls, canisters, and jars.', '2024-07-03T00:00:00Z', '2024-07-03T00:00:00Z', false);

INSERT INTO Package (id, version, label, height, width, depth, active, created_at, updated_at)
VALUES
    ('f47ac10b-58cc-4372-a567-0e02b2c3d479', 0, 'Small Box', 10.5, 15.0, 20.0, true, CURRENT_TIMESTAMP, CURRENT_TIMESTAMP),
    ('38a52be4-9352-453e-af97-5c3b448652b8', 0, 'Medium Box', 20.0, 30.0, 40.0, true, CURRENT_TIMESTAMP, CURRENT_TIMESTAMP),
    ('c9b5f7d1-f2e8-4b3c-a3d4-e5f6g7h8i9j0', 0, 'Large Box', 30.5, 45.0, 60.0, true, CURRENT_TIMESTAMP, CURRENT_TIMESTAMP);

INSERT INTO public.product (id, version, label, description, original_price, marked_price, stock_quantity, category_id, tags, created_at, updated_at, active, new_product, featured_product, package_id)
VALUES
    ('1a2b3c4d-5e6f-7g8h-9i0j-1k2l3m4n5o6p', 0, 'Porcelain Dinner Plate', 'Elegant porcelain dinner plate perfect for any occasion.', 15.99, 13.99, 100, 'b5b8e8c1-2dbd-4c2b-8e18-1a6e6d8b97f1', '["dinnerware", "plate", "elegant"]', '2024-07-03T00:00:00Z', '2024-07-03T00:00:00Z', true, false, true, 'f47ac10b-58cc-4372-a567-0e02b2c3d479'),
    ('2b3c4d5e-6f7g-8h9i-0j1k-2l3m4n5o6p7q', 0, 'Porcelain Salad Bowl', 'Stylish and durable salad bowl for your table setting.', 12.99, 11.49, 150, 'b5b8e8c1-2dbd-4c2b-8e18-1a6e6d8b97f1', '["salad", "bowl", "tableware"]', '2024-07-03T00:00:00Z', '2024-07-03T00:00:00Z', false, false, true, null),
    ('3c4d5e6f-7g8h-9i0j-1k2l-3m4n5o6p7q8r', 0, 'Porcelain Coffee Mug', 'Perfect mug for your morning coffee.', 9.99, 8.49, 200, 'b5b8e8c1-2dbd-4c2b-8e18-1a6e6d8b97f1', '["mug", "coffee", "tableware"]', '2024-07-03T00:00:00Z', '2024-07-03T00:00:00Z', true, true, false, null),
    ('4d5e6f7g-8h9i-0j1k-2l3m-4n5o6p7q8r9s', 0, 'Decorative Porcelain Vase', 'Beautifully crafted vase to enhance your home decor.', 25.99, 22.99, 50, 'c3b1a76d-36d7-4a0e-8f30-5eae61a4c6b0', '["vase", "decorative", "home"]', '2024-07-03T00:00:00Z', '2024-07-03T00:00:00Z', true, true, true, 'f47ac10b-58cc-4372-a567-0e02b2c3d479'),
    ('5e6f7g8h-9i0j-1k2l-3m4n-5o6p7q8r9s0t', 0, 'Porcelain Figurine', 'Exquisite figurine to add a touch of elegance to any room.', 30.99, 28.49, 70, 'c3b1a76d-36d7-4a0e-8f30-5eae61a4c6b0', '["figurine", "decorative", "elegant"]', '2024-07-03T00:00:00Z', '2024-07-03T00:00:00Z', false, false, true, 'f47ac10b-58cc-4372-a567-0e02b2c3d479'),
    ('6f7g8h9i-0j1k-2l3m-4n5o-6p7q8r9s0t1u', 0, 'Wall Porcelain Art', 'Intricately designed wall art for your living space.', 45.99, 41.49, 30, 'c3b1a76d-36d7-4a0e-8f30-5eae61a4c6b0', '["wall art", "decorative", "living space"]', '2024-07-03T00:00:00Z', '2024-07-03T00:00:00Z', true, true, false, '38a52be4-9352-453e-af97-5c3b448652b8'),
    ('7g8h9i0j-1k2l-3m4n-5o6p-7q8r9s0t1u2v', 0, 'Porcelain Teapot', 'Classic teapot to complete your tea set.', 22.99, 19.99, 80, 'd1c3e4b2-4942-4b9c-b5d6-8729df9dca38', '["teapot", "tea set", "classic"]', '2024-07-03T00:00:00Z', '2024-07-03T00:00:00Z', true, false, false, null),
    ('8h9i0j1k-2l3m-4n5o-6p7q-8r9s0t1u2v3w', 0, 'Porcelain Teacup', 'Elegant teacup to enhance your tea drinking experience.', 7.99, 6.99, 120, 'd1c3e4b2-4942-4b9c-b5d6-8729df9dca38', '["teacup", "tea set", "elegant"]', '2024-07-03T00:00:00Z', '2024-07-03T00:00:00Z', true, true, false, '38a52be4-9352-453e-af97-5c3b448652b8'),
    ('9i0j1k2l-3m4n-5o6p-7q8r-9s0t1u2v3w4x', 0, 'Porcelain Saucer', 'Perfect saucer to accompany your teacup.', 5.99, 4.99, 130, 'd1c3e4b2-4942-4b9c-b5d6-8729df9dca38', '["saucer", "tea set", "tableware"]', '2024-07-03T00:00:00Z', '2024-07-03T00:00:00Z', true, false, false, null),
    ('0j1k2l3m-4n5o-6p7q-8r9s-0t1u2v3w4x5y', 0, 'Porcelain Soap Dish', 'Stylish soap dish to enhance your bathroom decor.', 8.99, 7.49, 90, 'e6d4f5a7-5a8b-4c1b-bc5a-1e3e3f7a1b2d', '["soap dish", "bathroom", "decor"]', '2024-07-03T00:00:00Z', '2024-07-03T00:00:00Z', true, true, false, '38a52be4-9352-453e-af97-5c3b448652b8'),
    ('1k2l3m4n-5o6p-7q8r-9s0t-1u2v3w4x5y6z', 0, 'Porcelain Toothbrush Holder', 'Elegant holder for your toothbrush.', 10.99, 9.49, 60, 'e6d4f5a7-5a8b-4c1b-bc5a-1e3e3f7a1b2d', '["toothbrush holder", "bathroom", "accessory"]', '2024-07-03T00:00:00Z', '2024-07-03T00:00:00Z', true, false, false, null),
    ('2l3m4n5o-6p7q-8r9s-0t1u-2v3w4x5y6z7a', 0, 'Porcelain Mixing Bowl', 'Durable mixing bowl for all your kitchen needs.', 14.99, 12.99, 110, 'f2b9c5d1-8d4f-4b1c-8d6f-3e4a5f8b6a1e', '["mixing bowl", "kitchen", "durable"]', '2024-07-03T00:00:00Z', '2024-07-03T00:00:00Z', true, true, false, null);
